out,sig_angle_deg
255.0,207.18
255.0,207.18
255.0,207.18
255.0,207.18
255.0,207.09
255.0,207.18
255.0,207.18
255.0,207.18
255.0,207.18
255.0,207.18
255.0,207.18
255.0,207.18
255.0,207.18
255.0,207.18
255.0,207.18
255.0,207.18
255.0,207.18
255.0,207.18
255.0,207.18
255.0,207.18
255.0,207.09
255.0,207.18
255.0,207.18
255.0,207.18
255.0,207.18
255.0,207.18
255.0,207.18
255.0,207.18
255.0,207.09
255.0,207.18
255.0,207.18
255.0,207.18
255.0,207.18
255.0,207.18
255.0,207.18
255.0,207.18
255.0,207.18
255.0,207.18
255.0,207.18
255.0,207.09
255.0,207.18
255.0,207.18
255.0,207.18
255.0,207.18
255.0,207.18
255.0,207.18
255.0,207.18
255.0,207.18
255.0,207.18
255.0,207.18
255.0,207.18
255.0,207.18
255.0,207.18
255.0,207.18
255.0,207.18
255.0,207.18
255.0,207.09
255.0,207.18
255.0,207.18
255.0,207.18
255.0,207.18
255.0,207.18
255.0,207.18
255.0,207.09
255.0,207.18
255.0,207.18
255.0,207.18
255.0,207.18
255.0,207.18
255.0,207.18
255.0,207.18
255.0,207.18
255.0,207.18
255.0,207.09
255.0,207.18
255.0,207.18
255.0,207.09
255.0,207.09
255.0,207.09
255.0,207.18
255.0,207.18
255.0,207.18
255.0,207.18
255.0,207.09
255.0,207.18
255.0,207.18
255.0,207.18
255.0,207.18
255.0,207.18
255.0,207.18
255.0,207.18
255.0,207.09
255.0,207.18
255.0,207.18
255.0,207.18
255.0,207.18
255.0,207.09
255.0,207.18
255.0,207.18
255.0,207.18
255.0,207.18
255.0,207.18
255.0,207.18
255.0,207.09
255.0,207.18
255.0,207.18
255.0,207.18
255.0,207.18
255.0,207.09
255.0,207.18
255.0,207.09
255.0,207.18
255.0,207.18
255.0,207.18
255.0,207.18
255.0,207.18
255.0,207.18
255.0,207.18
255.0,207.18
255.0,207.18
255.0,207.18
255.0,207.18
255.0,207.18
255.0,207.18
255.0,207.18
255.0,207.09
255.0,207.18
255.0,207.18
255.0,207.18
255.0,207.18
255.0,207.18
255.0,207.09
255.0,207.18
255.0,207.18
255.0,207.18
255.0,207.18
255.0,207.18
255.0,207.09
255.0,207.18
255.0,207.18
255.0,207.18
255.0,207.18
255.0,207.18
255.0,207.18
255.0,207.18
255.0,207.18
255.0,207.18
255.0,207.18
255.0,207.18
255.0,207.18
255.0,207.18
255.0,207.09
255.0,207.18
255.0,207.18
255.0,207.18
255.0,207.18
255.0,207.18
255.0,207.18
255.0,207.53
255.0,208.76
255.0,210.52
255.0,212.54
255.0,215.18
255.0,218.08
255.0,221.24
255.0,224.58
255.0,228.28
50.0,232.14
-233.8,236.01
-255.0,239.18
-143.47,239.97
100.9,239.18
205.76,238.12
245.8,237.24
156.65,237.15
50.0,237.68
-50.0,238.38
-50.0,238.91
-63.39,239.35
-50.0,239.44
50.0,239.26
50.0,239.09
54.42,238.82
55.43,238.65
50.31,238.56
55.76,238.47
61.23,238.38
50.0,238.38
50.0,238.38
50.0,238.47
50.0,238.56
50.0,238.74
-50.0,238.91
-50.0,239.09
50.0,239.0
50.0,238.91
50.0,238.74
50.0,238.65
50.0,238.65
50.0,238.56
50.0,238.65
50.0,238.65
50.0,238.74
-50.0,238.91
-50.0,239.09
50.0,239.0
50.0,238.74
50.0,238.74
50.0,238.65
50.0,238.65
50.0,238.65
-50.0,238.74
-50.0,238.91
50.0,238.65
50.0,238.47
55.83,238.3
50.79,238.21
56.33,238.12
61.89,238.03
50.0,238.12
50.0,238.12
50.0,238.3
-50.0,238.47
-50.0,238.65
50.0,238.56
50.0,238.47
50.0,238.38
50.0,238.38
50.0,238.47
-50.0,238.56
-50.0,238.74
50.0,238.65
65.34,238.3
50.0,238.21
50.0,238.21
50.0,238.21
50.0,238.3
50.0,238.38
-50.0,238.56
-50.0,238.74
50.0,238.65
50.0,238.56
50.0,238.47
50.0,238.38
-50.0,238.47
-50.0,238.56
50.0,238.38
90.22,237.95
70.35,237.77
50.0,237.77
50.0,237.86
50.0,237.95
50.0,238.12
-50.0,238.38
-50.0,238.65
50.0,238.56
50.0,238.47
-50.0,238.47
-50.0,238.47
50.0,238.21
60.86,237.95
62.09,237.77
50.0,237.77
50.0,237.77
50.0,237.86
-50.0,238.03
-50.0,238.21
50.0,238.12
50.0,237.95
50.0,237.95
50.0,238.03
50.0,238.12
-50.0,238.3
-50.0,238.47
-50.0,238.47
50.0,238.3
50.0,238.12
50.0,238.03
-50.0,238.12
-50.0,238.21
-50.0,238.21
50.0,238.12
50.0,238.12
50.0,238.12
-50.0,238.38
-50.35,238.56
-63.43,238.74
-59.83,238.82
-66.79,238.91
-57.06,238.91
-50.0,238.82
-52.49,238.82
-50.0,238.74
-50.0,238.74
-50.0,238.74
-50.0,238.65
-50.0,238.65
-50.0,238.56
-50.0,238.56
-50.0,238.56
-50.0,238.56
-50.0,238.47
-50.0,238.47
-50.0,238.47
-50.0,238.47
-50.0,238.47
-50.0,238.47
-50.0,238.47
-56.92,238.56
-50.0,238.56
-50.0,238.56
-50.0,238.56
-66.0,238.65
-56.2,238.65
-73.67,238.74
-63.89,238.74
-50.0,238.65
-59.23,238.65
-50.0,238.56
-54.53,238.56
-50.0,238.47
-50.0,238.47
-50.0,238.38
-50.0,238.38
-50.0,238.3
-50.0,238.3
-50.0,238.3
-50.0,238.3
-50.0,238.3
-50.0,238.3
-60.18,238.38
-50.31,238.38
-50.99,238.38
-51.67,238.38
-69.08,238.47
-75.95,238.56
-66.13,238.56
-66.86,238.56
-50.86,238.47
-50.0,238.38
-50.0,238.3
-51.1,238.3
-51.76,238.3
-52.42,238.3
-53.08,238.3
-53.74,238.3
-54.4,238.3
-55.06,238.3
-55.71,238.3
-56.37,238.3
-73.76,238.38
-80.61,238.47
-70.77,238.47
-54.75,238.38
-65.98,238.38
-50.0,238.3
-61.14,238.3
-50.0,238.21
-50.0,238.12
-50.7,238.12
-51.32,238.12
-51.93,238.12
-52.55,238.12
-69.89,238.21
-59.98,238.21
-77.34,238.3
-67.45,238.3
-84.83,238.38
-58.24,238.3
-69.45,238.3
-53.39,238.21
-50.0,238.12
-50.0,238.03
-53.43,238.03
-54.02,238.03
-54.62,238.03
-55.21,238.03
-72.53,238.12
-62.59,238.12
-79.93,238.21
-70.02,238.21
-70.66,238.21
-71.29,238.21
-55.21,238.12
-66.37,238.12
-50.26,238.03
-50.0,237.95
-72.52,238.03
-62.57,238.03
-50.0,237.95
-74.28,238.03
-64.33,238.03
-64.92,238.03
-82.24,238.12
-72.3,238.12
-56.2,238.03
-67.34,238.03
-67.93,238.03
-51.8,237.95
-62.92,237.95
-63.49,237.95
-80.79,238.03
-87.56,238.12
-60.9,238.03
-55.32,237.95
-66.44,237.95
-67.01,237.95
-67.58,237.95
-68.15,237.95
-68.72,237.95
-69.29,237.95
-86.59,238.03
-76.63,238.03
-60.5,237.95
-54.9,237.86
-50.0,237.77
-60.35,237.77
-60.88,237.77
-78.13,237.86
-84.85,237.95
-74.88,237.95
-75.45,237.95
-59.3,237.86
-70.39,237.86
-70.94,237.86
-71.49,237.86
-72.04,237.86
-72.59,237.86
-73.14,237.86
-73.69,237.86
-74.24,237.86
-58.06,237.77
-69.14,237.77
-69.67,237.77
-70.19,237.77
-87.44,237.86
-77.45,237.86
-78.0,237.86
-61.82,237.77
-72.9,237.77
-73.42,237.77
-73.95,237.77
-74.48,237.77
-75.01,237.77
-75.53,237.77
-76.06,237.77
-59.87,237.68
-70.92,237.68
-71.42,237.68
-71.93,237.68
-89.16,237.77
-79.14,237.77
-79.67,237.77
-63.47,237.68
-74.52,237.68
-58.31,237.59
-69.34,237.59
-86.54,237.68
-76.5,237.68
-77.01,237.68
-77.51,237.68
-78.02,237.68
-61.8,237.59
-72.83,237.59
-90.04,237.68
-79.99,237.68
-80.5,237.68
-81.01,237.68
-64.79,237.59
-59.1,237.51
-86.83,237.59
-76.76,237.59
-77.25,237.59
-77.73,237.59
-78.21,237.59
-78.7,237.59
-62.46,237.51
-73.47,237.51
-90.65,237.59
-80.59,237.59
-81.07,237.59
-81.55,237.59
-82.04,237.59
-65.8,237.51
-76.81,237.51
-93.99,237.59
-83.93,237.59
-84.41,237.59
-68.17,237.51
-62.46,237.42
-73.45,237.42
-73.88,237.42
-91.05,237.51
-80.96,237.51
-81.42,237.51
-65.16,237.42
-76.15,237.42
-76.59,237.42
-93.75,237.51
-83.66,237.51
-84.12,237.51
-67.86,237.42
-78.85,237.42
-79.29,237.42
-79.73,237.42
-80.17,237.42
-97.33,237.51
-70.52,237.42
-64.79,237.33
-92.48,237.42
-82.37,237.42
-82.81,237.42
-83.25,237.42
-66.96,237.33
-77.93,237.33
-78.35,237.33
-78.76,237.33
-79.18,237.33
-79.6,237.33
-80.02,237.33
-80.43,237.33
-80.85,237.33
-81.27,237.33
-81.69,237.33
-82.1,237.33
-65.8,237.24
-76.74,237.24
-77.14,237.24
-94.25,237.33
-84.12,237.33
-84.54,237.33
-68.24,237.24
-62.46,237.15
-90.1,237.24
-79.95,237.24
-80.34,237.24
-80.74,237.24
-81.14,237.24
-81.53,237.24
-81.93,237.24
-82.32,237.24
-82.72,237.24
-83.11,237.24
-83.51,237.24
-67.18,237.15
-78.1,237.15
-78.48,237.15
-95.57,237.24
-85.42,237.24
-85.82,237.24
-69.49,237.15
-80.41,237.15
-80.78,237.15
-97.88,237.24
-71.0,237.15
-81.93,237.15
-65.58,237.07
-93.2,237.15
-83.02,237.15
-83.4,237.15
-83.77,237.15
-67.42,237.07
-78.32,237.07
-78.67,237.07
-95.75,237.15
-85.57,237.15
-69.22,237.07
-80.12,237.07
-80.48,237.07
-80.83,237.07
-81.18,237.07
-98.25,237.15
-71.36,237.07
-82.26,237.07
-82.61,237.07
-82.96,237.07
-83.31,237.07
-83.66,237.07
-67.29,236.98
-78.17,236.98
-78.5,236.98
-78.83,236.98
-95.88,237.07
-68.96,236.98
-79.84,236.98
-80.17,236.98
-97.22,237.07
-87.02,237.07
-87.37,237.07
-71.0,236.98
-65.16,236.89
-92.74,236.98
-82.52,236.98
-82.85,236.98
-83.18,236.98
-66.78,236.89
-77.64,236.89
-94.67,236.98
-84.45,236.98
-84.78,236.98
-85.11,236.98
-68.72,236.89
-96.3,236.98
-86.08,236.98
-69.68,236.89
-80.54,236.89
-80.85,236.89
-64.43,236.8
-91.99,236.89
-98.47,236.98
-71.53,236.89
-65.66,236.8
-76.5,236.8
-93.51,236.89
-99.99,236.98
-89.77,236.98
-90.1,236.98
-90.43,236.98
-74.04,236.89
-84.89,236.89
-85.2,236.89
-85.51,236.89
-69.09,236.8
-79.92,236.8
-80.21,236.8
-80.5,236.8
-80.78,236.8
-81.07,236.8
-64.63,236.71
-75.44,236.71
-92.43,236.8
-98.89,236.89
-88.65,236.89
-88.96,236.89
-72.54,236.8
-83.37,236.8
-100.38,236.89
-73.42,236.8
-84.25,236.8
-67.82,236.71
-78.63,236.71
-78.89,236.71
-95.88,236.8
-85.62,236.8
-85.9,236.8
-69.46,236.71
-97.0,236.8
-86.74,236.8
-87.02,236.8
-87.31,236.8
-70.87,236.71
-81.68,236.71
-81.95,236.71
-98.93,236.8
-71.95,236.71
-82.76,236.71
-66.3,236.63
-77.09,236.63
-94.05,236.71
-100.49,236.8
-73.51,236.71
-84.32,236.71
-84.58,236.71
-84.85,236.71
-85.11,236.71
-85.37,236.71
-85.64,236.71
-85.9,236.71
-86.16,236.71
-86.43,236.71
-69.97,236.63
-80.76,236.63
-81.0,236.63
-81.24,236.63
-81.48,236.63
-81.73,236.63
-81.97,236.63
-82.21,236.63
-82.45,236.63
-99.41,236.71
-89.13,236.71
-89.39,236.71
-72.94,236.63
-83.72,236.63
-83.97,236.63
-84.21,236.63
-84.45,236.63
-67.97,236.54
-78.74,236.54
-95.68,236.63
-85.37,236.63
-85.61,236.63
-85.86,236.63
-69.37,236.54
-80.14,236.54
-97.09,236.63
-86.78,236.63
-87.02,236.63
-87.26,236.63
-70.78,236.54
-98.27,236.63
-87.97,236.63
-88.21,236.63
-71.73,236.54
-65.77,236.45
-76.52,236.45
-93.44,236.54
-83.11,236.54
-83.33,236.54
-83.55,236.54
-83.77,236.54
-100.71,236.63
-90.4,236.63
-73.92,236.54
-84.69,236.54
-84.91,236.54
-85.13,236.54
-85.35,236.54
-85.57,236.54
-69.07,236.45
-63.09,236.36
-90.54,236.45
-96.91,236.54
-86.58,236.54
-86.8,236.54
-70.3,236.45
-81.04,236.45
-81.24,236.45
-98.16,236.54
-87.83,236.54
-71.33,236.45
-82.08,236.45
-82.27,236.45
-82.47,236.45
-99.39,236.54
-72.34,236.45
-83.09,236.45
-83.28,236.45
-83.48,236.45
-83.68,236.45
-83.88,236.45
-67.35,236.36
-78.08,236.36
-78.25,236.36
-95.15,236.45
-84.8,236.45
-85.0,236.45
-85.2,236.45
-85.39,236.45
-85.59,236.45
-85.79,236.45
-85.99,236.45
-69.46,236.36
-80.19,236.36
-80.36,236.36
-80.54,236.36
-80.71,236.36
-64.17,236.28
-74.87,236.28
-91.74,236.36
-98.09,236.45
-71.02,236.36
-81.75,236.36
-81.92,236.36
-65.37,236.28
-92.8,236.36
-82.43,236.36
-82.6,236.36
-82.78,236.36
-66.23,236.28
-76.93,236.28
-93.81,236.36
-83.44,236.36
-66.89,236.28
-77.59,236.28
-77.75,236.28
-94.62,236.36
-84.25,236.36
-84.43,236.36
-67.88,236.28
-78.58,236.28
-78.73,236.28
-95.61,236.36
-68.52,236.28
-79.22,236.28
-62.65,236.19
-90.05,236.28
-79.66,236.28
-79.81,236.28
-79.96,236.28
-80.12,236.28
-80.27,236.28
-97.15,236.36
-86.78,236.36
-70.23,236.28
-80.93,236.28
-64.36,236.19
-75.04,236.19
-91.9,236.28
-64.78,236.19
-75.46,236.19
-58.87,236.1
-69.53,236.1
-86.36,236.19
-75.94,236.19
-92.8,236.28
-82.4,236.28
-82.56,236.28
-82.71,236.28
-82.86,236.28
-83.02,236.28
-66.45,236.19
-60.41,236.1
-71.06,236.1
-87.9,236.19
-77.48,236.19
-77.61,236.19
-61.02,236.1
-71.68,236.1
-71.79,236.1
-88.62,236.19
-78.21,236.19
-78.34,236.19
-61.75,236.1
-72.4,236.1
-89.24,236.19
-78.82,236.19
-78.95,236.19
-79.08,236.19
-62.49,236.1
-73.15,236.1
-89.98,236.19
-79.57,236.19
-62.98,236.1
-73.63,236.1
-57.02,236.01
-67.66,236.01
-84.47,236.1
-74.03,236.1
-74.14,236.1
-74.25,236.1
-74.36,236.1
-91.19,236.19
-80.78,236.19
-80.91,236.19
-64.32,236.1
-58.25,236.01
-85.61,236.1
-75.17,236.1
-75.28,236.1
-75.39,236.1
-75.5,236.1
-58.89,236.01
-69.52,236.01
-86.34,236.1
-75.9,236.1
-76.01,236.1
-59.39,236.01
-70.03,236.01
-53.39,235.92
-80.73,236.01
-86.99,236.1
-76.56,236.1
-76.67,236.1
-60.05,236.01
-70.69,236.01
-87.5,236.1
-77.06,236.1
-60.45,236.01
-71.08,236.01
-71.17,236.01
-54.54,235.92
-81.87,236.01
-71.41,236.01
-71.5,236.01
-54.87,235.92
-65.48,235.92
-65.55,235.92
-82.34,236.01
-88.6,236.1
-61.44,236.01
-72.07,236.01
-72.16,236.01
-72.25,236.01
-72.34,236.01
-72.42,236.01
-72.51,236.01
-55.88,235.92
-66.49,235.92
-66.56,235.92
-66.62,235.92
-66.69,235.92
-66.75,235.92
-66.82,235.92
-66.89,235.92
-83.68,236.01
-73.22,236.01
-73.3,236.01
-73.39,236.01
-56.76,235.92
-67.37,235.92
-67.44,235.92
-67.5,235.92
-84.29,236.01
-57.11,235.92
-67.72,235.92
-67.79,235.92
-67.85,235.92
-67.92,235.92
-84.71,236.01
-57.52,235.92
-68.14,235.92
-51.48,235.84
-78.8,235.92
-68.31,235.92
-68.38,235.92
-68.45,235.92
-68.51,235.92
-51.86,235.84
-79.17,235.92
-68.69,235.92
-68.75,235.92
-68.82,235.92
-52.16,235.84
-62.75,235.84
-62.8,235.84
-62.84,235.84
-79.61,235.92
-69.13,235.92
-69.19,235.92
-52.54,235.84
-63.13,235.84
-63.17,235.84
-63.22,235.84
-79.98,235.92
-69.5,235.92
-69.57,235.92
-52.91,235.84
-63.5,235.84
-63.55,235.84
-63.59,235.84
-80.36,235.92
-69.87,235.92
-69.94,235.92
-53.28,235.84
-63.87,235.84
-63.92,235.84
-80.69,235.92
-70.2,235.92
-53.55,235.84
-50.0,235.75
-57.99,235.75
-58.01,235.75
-74.75,235.84
-64.25,235.84
-64.29,235.84
-64.34,235.84
-64.38,235.84
-64.42,235.84
-64.47,235.84
-64.51,235.84
-64.56,235.84
-50.0,235.75
-58.45,235.75
-58.47,235.75
-58.49,235.75
-75.24,235.84
-64.73,235.84
-64.78,235.84
-64.82,235.84
-64.86,235.84
-50.0,235.75
-58.75,235.75
-58.78,235.75
-58.8,235.75
-75.54,235.84
-50.0,235.75
-75.61,235.84
-50.0,235.75
-58.95,235.75
-58.97,235.75
-59.0,235.75
-59.02,235.75
-75.76,235.84
-50.0,235.75
-59.11,235.75
-59.13,235.75
-75.87,235.84
-65.37,235.84
-65.41,235.84
-65.46,235.84
-65.5,235.84
-50.0,235.75
-59.39,235.75
-59.41,235.75
-59.43,235.75
-59.46,235.75
-59.48,235.75
-50.0,235.66
-53.33,235.66
-53.33,235.66
-53.33,235.66
-70.05,235.75
-59.52,235.75
-76.27,235.84
-65.76,235.84
-50.0,235.75
-59.65,235.75
-59.68,235.75
-59.7,235.75
-59.72,235.75
-59.74,235.75
-59.76,235.75
-59.79,235.75
-50.0,235.66
-53.63,235.66
-53.63,235.66
-53.63,235.66
-70.36,235.75
-59.83,235.75
-59.85,235.75
-50.0,235.66
-53.7,235.66
-53.7,235.66
-70.42,235.75
-59.9,235.75
-59.92,235.75
-50.0,235.66
-53.76,235.66
-53.76,235.66
-53.76,235.66
-53.76,235.66
-70.49,235.75
-59.96,235.75
-59.98,235.75
-60.0,235.75
-50.0,235.66
-50.0,235.57
-50.0,235.57
-50.0,235.57
-50.0,235.57
-64.31,235.66
-53.76,235.66
-53.76,235.66
-53.76,235.66
-53.76,235.66
-53.76,235.66
-53.76,235.66
-53.76,235.66
-70.49,235.75
-59.96,235.75
-50.0,235.66
-53.81,235.66
-53.81,235.66
-50.0,235.57
-50.0,235.57
-50.0,235.57
-50.0,235.57
-64.27,235.66
-53.72,235.66
-53.72,235.66
-50.0,235.57
-50.0,235.57
-50.0,235.57
-50.0,235.57
-50.0,235.57
-50.0,235.57
-50.0,235.57
-50.0,235.57
-50.0,235.57
-50.0,235.57
-64.05,235.66
-53.5,235.66
-53.5,235.66
-53.5,235.66
-53.5,235.66
-53.5,235.66
-53.5,235.66
-53.5,235.66
-50.0,235.57
-50.0,235.57
-50.0,235.57
-50.0,235.57
-50.0,235.57
-50.0,235.57
-50.0,235.57
-50.0,235.57
-50.0,235.57
-50.0,235.48
-50.0,235.48
-50.0,235.48
-50.0,235.48
-50.0,235.48
-50.0,235.48
-50.0,235.48
-50.0,235.48
-50.0,235.4
-50.0,235.4
-50.0,235.4
-50.0,235.4
-50.0,235.4
-50.0,235.4
-50.0,235.31
-50.0,235.31
-50.0,235.31
-50.0,235.22
-50.0,235.22
-50.0,235.13
50.0,235.04
50.0,234.96
-50.0,235.13
-81.32,235.48
-89.25,235.75
-91.08,235.92
-86.77,236.01
-76.31,236.01
-59.67,235.92
-53.56,235.84
-50.0,235.66
-50.0,235.57
-50.0,235.48
-50.0,235.31
-50.0,235.22
-50.0,235.13
50.0,234.96
50.0,234.87
-50.0,234.96
-51.63,235.22
-53.32,235.4
-65.61,235.57
-77.93,235.75
-90.31,235.92
-69.28,235.92
-69.34,235.92
-52.68,235.84
-50.0,235.75
-50.0,235.66
-50.0,235.48
-50.0,235.4
50.0,235.22
-50.0,235.13
-50.0,235.22
-50.0,235.22
-50.0,235.31
-50.0,235.31
-50.0,235.31
-50.0,235.31
-50.0,235.22
-50.0,235.22
-50.0,235.13
50.0,234.96
50.0,234.78
-50.0,235.04
-56.07,235.31
-57.78,235.48
-86.81,235.75
-88.64,235.92
-50.88,235.84
-61.47,235.84
-61.52,235.84
-50.0,235.66
-50.0,235.57
-50.0,235.4
50.0,235.22
50.0,235.04
-50.0,235.22
-51.32,235.4
-80.33,235.66
-65.41,235.75
-71.6,235.84
-61.1,235.84
-61.14,235.84
-50.0,235.75
-50.0,235.66
-50.0,235.48
-50.0,235.31
-50.0,235.22
50.0,235.04
50.0,234.78
-50.0,234.87
-50.0,235.04
-50.0,235.13
-50.0,235.31
-50.0,235.4
-50.0,235.48
-50.0,235.48
-50.0,235.48
-50.0,235.48
-50.0,235.48
-50.0,235.48
-50.0,235.4
-50.0,235.31
50.0,235.13
50.0,234.96
-50.0,235.13
-59.87,235.4
-50.0,235.48
-67.74,235.66
-63.36,235.75
-52.84,235.75
-52.86,235.75
-52.88,235.75
-50.0,235.66
-50.0,235.66
-50.0,235.57
-50.0,235.48
-50.0,235.4
50.0,235.22
50.0,234.96
-50.0,235.13
-50.0,235.22
-50.0,235.4
-50.0,235.4
-50.0,235.4
-50.0,235.4
-50.0,235.4
-50.0,235.4
50.0,235.22
50.0,235.13
-50.0,235.31
-87.53,235.66
-95.51,235.92
-63.93,235.92
-64.0,235.92
-50.0,235.84
-50.0,235.66
-50.0,235.48
50.0,235.31
50.0,235.04
-50.0,235.13
-50.0,235.31
-50.0,235.4
-50.0,235.4
-50.0,235.31
-50.0,235.31
-50.0,235.22
50.0,235.04
50.0,234.87
-50.0,235.04
-50.0,235.22
-50.0,235.4
-50.0,235.48
-50.0,235.57
-50.0,235.57
-50.0,235.57
-50.0,235.57
-50.0,235.48
-50.0,235.4
-50.0,235.31
50.0,235.13
50.0,234.96
-50.0,235.04
-50.0,235.22
-50.0,235.4
-50.0,235.4
-50.0,235.4
-50.0,235.4
-50.0,235.4
-50.0,235.31
50.0,235.13
50.0,234.96
-50.0,235.04
-50.0,235.22
-50.0,235.22
-50.0,235.22
-50.0,235.22
50.0,235.13
50.0,235.04
-50.0,235.13
-54.46,235.4
-56.2,235.57
-68.53,235.75
-50.0,235.75
-50.0,235.75
-50.0,235.75
-50.0,235.57
-50.0,235.48
50.0,235.31
50.0,235.13
-50.0,235.22
-50.0,235.31
-50.0,235.4
-50.0,235.48
-50.0,235.48
-50.0,235.48
-50.0,235.4
50.0,235.22
50.0,235.13
-50.0,235.22
-50.0,235.4
-50.0,235.48
-50.0,235.57
-50.0,235.57
-50.0,235.48
-50.0,235.4
-50.0,235.31
50.0,235.13
50.0,234.87
50.0,234.87
-50.0,234.96
-50.0,235.13
-50.0,235.22
-50.0,235.22
-50.0,235.22
50.0,235.04
50.0,234.96
50.0,234.96
-50.0,235.13
-50.0,235.22
-50.0,235.31
50.0,235.22
50.0,235.13
-50.0,235.13
-50.0,235.13
50.0,234.96
50.0,234.78
50.0,234.78
50.0,234.78
50.0,234.69
50.0,234.61
50.0,234.61
50.0,234.61
55.31,234.52
50.0,234.52
62.05,234.43
51.81,234.43
52.12,234.43
52.43,234.43
69.46,234.34
59.24,234.34
59.57,234.34
59.9,234.34
60.23,234.34
60.56,234.34
60.89,234.34
61.22,234.34
61.55,234.34
78.6,234.25
68.4,234.25
52.03,234.34
62.91,234.34
50.0,234.43
57.37,234.43
50.0,234.52
51.79,234.52
50.0,234.61
50.0,234.61
50.0,234.61
50.0,234.61
50.0,234.61
50.0,234.69
58.01,234.61
50.0,234.61
50.0,234.61
50.0,234.61
50.0,234.61
50.0,234.61
50.0,234.61
66.03,234.52
55.77,234.52
72.78,234.43
62.54,234.43
62.84,234.43
63.15,234.43
63.46,234.43
63.77,234.43
64.07,234.43
81.1,234.34
70.89,234.34
54.49,234.43
50.0,234.52
59.46,234.52
50.0,234.61
53.83,234.61
50.0,234.69
50.0,234.69
50.0,234.69
65.37,234.61
55.09,234.61
55.35,234.61
72.34,234.52
78.8,234.43
68.56,234.43
68.87,234.43
69.17,234.43
86.2,234.34
59.26,234.43
53.39,234.52
64.23,234.52
50.0,234.61
58.6,234.61
58.87,234.61
50.0,234.69
69.92,234.61
59.64,234.61
59.9,234.61
76.89,234.52
83.35,234.43
73.11,234.43
73.41,234.43
73.72,234.43
57.31,234.52
68.14,234.52
51.7,234.61
62.51,234.61
62.78,234.61
63.04,234.61
63.31,234.61
80.29,234.52
86.75,234.43
76.51,234.43
76.82,234.43
60.41,234.52
71.24,234.52
54.8,234.61
65.61,234.61
65.88,234.61
66.14,234.61
83.13,234.52
72.87,234.52
89.87,234.43
79.63,234.43
63.22,234.52
74.05,234.52
57.62,234.61
68.43,234.61
68.69,234.61
68.95,234.61
85.94,234.52
92.4,234.43
82.16,234.43
82.47,234.43
66.05,234.52
60.16,234.61
70.98,234.61
71.24,234.61
71.5,234.61
88.49,234.52
78.23,234.52
78.51,234.52
95.52,234.43
68.56,234.52
62.67,234.61
73.48,234.61
73.75,234.61
90.73,234.52
80.47,234.52
80.76,234.52
81.04,234.52
81.33,234.52
81.61,234.52
65.18,234.61
92.71,234.52
82.45,234.52
82.73,234.52
99.74,234.43
72.78,234.52
83.61,234.52
67.17,234.61
77.99,234.61
78.25,234.61
95.24,234.52
84.97,234.52
85.26,234.52
85.55,234.52
69.11,234.61
79.92,234.61
96.91,234.52
86.65,234.52
103.65,234.43
93.41,234.43
93.72,234.43
77.31,234.52
71.42,234.61
82.23,234.61
99.21,234.52
88.95,234.52
89.24,234.52
72.8,234.61
83.61,234.61
83.88,234.61
100.86,234.52
107.32,234.43
97.08,234.43
97.39,234.43
80.98,234.52
75.09,234.61
85.9,234.61
102.89,234.52
92.62,234.52
92.91,234.52
93.19,234.52
93.48,234.52
93.77,234.52
94.05,234.52
111.06,234.43
84.1,234.52
94.93,234.52
95.22,234.52
95.5,234.52
112.51,234.43
102.27,234.43
102.58,234.43
86.16,234.52
80.27,234.61
91.08,234.61
108.07,234.52
97.81,234.52
98.1,234.52
98.38,234.52
115.39,234.43
105.15,234.43
105.46,234.43
105.76,234.43
89.35,234.52
100.18,234.52
117.19,234.43
106.95,234.43
107.26,234.43
107.57,234.43
91.15,234.52
101.98,234.52
118.99,234.43
108.75,234.43
109.06,234.43
92.65,234.52
103.48,234.52
120.49,234.43
126.97,234.34
100.03,234.43
110.89,234.43
111.19,234.43
111.5,234.43
111.81,234.43
112.12,234.43
112.42,234.43
112.73,234.43
113.04,234.43
130.07,234.34
119.85,234.34
120.18,234.34
120.51,234.34
120.84,234.34
121.17,234.34
104.78,234.43
115.63,234.43
115.94,234.43
132.97,234.34
106.03,234.43
116.88,234.43
133.92,234.34
123.7,234.34
124.03,234.34
124.36,234.34
124.69,234.34
141.74,234.25
131.54,234.25
131.89,234.25
132.25,234.25
132.6,234.25
132.95,234.25
133.3,234.25
116.93,234.34
127.81,234.34
128.14,234.34
145.19,234.25
134.99,234.25
118.62,234.34
146.22,234.25
152.75,234.17
142.57,234.17
126.22,234.25
137.12,234.25
154.2,234.17
127.3,234.25
138.2,234.25
155.28,234.17
145.1,234.17
162.2,234.08
135.32,234.17
146.24,234.17
146.62,234.17
163.71,234.08
136.84,234.17
147.76,234.17
164.86,234.08
154.7,234.08
155.1,234.08
155.5,234.08
172.61,233.99
162.48,233.99
146.18,234.08
157.12,234.08
174.24,233.99
164.11,233.99
164.53,233.99
181.67,233.9
171.56,233.9
172.0,233.9
172.44,233.9
172.88,233.9
190.04,233.81
179.95,233.81
180.42,233.81
180.88,233.81
198.06,233.73
171.27,233.81
182.28,233.81
182.75,233.81
199.93,233.73
189.87,233.73
190.35,233.73
190.83,233.73
208.04,233.64
198.0,233.64
198.5,233.64
232.45,233.46
195.18,233.55
206.26,233.55
223.51,233.46
213.51,233.46
214.06,233.46
231.33,233.37
238.08,233.29
244.85,233.2
234.91,233.2
235.53,233.2
255.0,233.02
232.43,233.11
243.62,233.11
255.0,233.02
251.09,233.02
235.02,233.11
246.21,233.11
255.0,233.02
253.68,233.02
254.34,233.02
255.0,233.02
255.0,233.02
255.0,233.02
255.0,233.02
255.0,233.02
241.57,233.11
255.0,233.02
255.0,232.93
255.0,232.93
255.0,232.93
255.0,232.76
255.0,232.67
255.0,232.5
255.0,232.32
255.0,232.14
255.0,231.97
255.0,231.7
255.0,231.35
255.0,231.0
255.0,230.56
255.0,230.03
255.0,229.59
255.0,228.89
255.0,228.19
255.0,227.4
255.0,226.43
255.0,225.29
255.0,224.15
255.0,222.74
255.0,221.07
255.0,219.4
255.0,217.46
255.0,215.18
255.0,212.63
255.0,209.82
255.0,206.83
255.0,207.18
255.0,209.29
255.0,211.14
255.0,212.45
255.0,213.51
255.0,214.04
255.0,214.21
255.0,214.12
255.0,213.68
255.0,212.98
255.0,211.84
255.0,210.43
255.0,208.59
255.0,206.83
255.0,207.18
255.0,208.5
255.0,209.47
255.0,209.73
255.0,209.73
255.0,209.38
255.0,208.59
255.0,207.88
255.0,207.0
255.0,207.71
255.0,208.06
255.0,208.06
255.0,207.71
255.0,207.0
255.0,207.18
255.0,207.62
255.0,207.71
255.0,207.27
255.0,207.0
255.0,207.44
255.0,207.18
255.0,207.09
255.0,207.18
255.0,207.18
255.0,207.18
255.0,207.09
255.0,207.18
255.0,207.18
255.0,207.09
255.0,207.09
255.0,207.18
255.0,207.18
255.0,207.09
255.0,207.18
255.0,207.18
255.0,207.09
255.0,207.18
255.0,207.18
255.0,207.09
255.0,207.18
255.0,207.27
255.0,207.09
255.0,207.18
255.0,207.18
255.0,207.09
255.0,207.09
